Employee ID,Employment Length,First Name,Last Name,Age,Dpt Code,Department
931364,2,Oz,Cain,79,FIN,Finance
624534,8,Calla,Conan,40,MAR,Marketing
832620,4,Brittania,Truda,36,MAR,Marketing
808119,6,Lorna,Alsatia,33,IT,Information Technology
322413,5,Kaycee,Colista,57,FIN,Finance
280417,6,Claude,Tai,46,FIN,Finance
320756,5,Ayanna,Narcisse,44,MAR,Marketing
815393,7,Uriah,Crescent,36,HR,Human Resources
870863,3,Rhoswen,Nakima,42,IT,Information Technology
874745,4,Elisha,Eydie,46,FIN,Finance
506081,4,Blossom,Stephen,20,HR,Human Resources
754231,9,Vea,Glenn,49,FIN,Finance
589824,6,Bernadine,Iggy,76,MAR,Marketing
164643,5,Matilde,Gary,67,HR,Human Resources
629554,4,Bradley,Renny,61,FIN,Finance
812419,6,Hertz,Jessica,50,FIN,Finance
557105,3,Donovan,Dayton,58,FIN,Finance
294738,0,Dante,Sheehan,51,HR,Human Resources
600640,1,Jayden,Imogene,63,HR,Human Resources
970164,5,Anando,Kwanita,34,MAR,Marketing
260091,2,Angelica,Kipling,48,FIN,Finance
622623,7,Tamasine,Nita,39,HR,Human Resources
689108,1,Theo,Oriana,49,FIN,Finance
737767,8,Clem,Collin,71,HR,Human Resources
907880,6,Coligny,Alexia,46,MAR,Marketing
838749,4,Oneida,Sherri,47,IT,Information Technology
634230,9,Juandalynn,Amador,27,HR,Human Resources
360471,7,Selima,Mara,32,HR,Human Resources
175356,2,Deiter,Zinnia,66,MAR,Marketing
267045,1,Dominy,Thadeus,69,FIN,Finance
676804,3,Del,Eugene,60,MAR,Marketing
338456,1,Mia,Hayward,75,FIN,Finance
507064,0,York,Iryl,47,FIN,Finance
618870,6,Verna,Wiley,50,HR,Human Resources
782845,3,Kande,Dasha,71,HR,Human Resources
260293,3,Dominic,Rosine,48,MAR,Marketing
868390,4,Sylvia,Jules,76,MAR,Marketing
376103,8,Gail,Sherman,21,MAR,Marketing
515052,9,Georgina,Taylor,56,IT,Information Technology
272645,1,Conlan,Judith,32,IT,Information Technology
174694,9,Nuncio,Boone,18,MAR,Marketing
380700,0,Shakti,Ziazan,59,FIN,Finance
787882,6,Xena,Avi,19,MAR,Marketing
285831,1,Jianna,Madge,49,FIN,Finance
651558,5,Tisha,Maximos,65,MAR,Marketing
474135,5,Andreas,Parkin,17,MAR,Marketing
463823,6,Edita,Feivel,29,HR,Human Resources
126292,9,Stillman,Marcy,20,FIN,Finance
259078,9,Stanislav,Maxime,31,MAR,Marketing
585048,1,Scot,Warren,20,FIN,Finance
242741,4,Steve,Laurie,45,HR,Human Resources
296238,6,Patricia,Hastin,44,MAR,Marketing
799196,5,Remedy,Kabibe,37,FIN,Finance
993128,0,Asasia,Calantha,18,MAR,Marketing
490235,4,Fala,Asalie,76,HR,Human Resources
434422,6,Joy,Aurora,15,HR,Human Resources
307558,8,Umi,Marlow,48,IT,Information Technology
300968,3,Edric,Isabel,50,HR,Human Resources
421310,3,Katelin,Lev,45,FIN,Finance
724125,4,Lucille,Thea,34,IT,Information Technology
534354,0,Elise,Georgette,54,IT,Information Technology
867422,6,Rose,Quennell,18,HR,Human Resources
828796,1,Vivek,Woods,18,FIN,Finance
611780,8,Algeron,Wolfgang,65,HR,Human Resources
873512,4,Andra,Calvine,25,MAR,Marketing
556111,5,Kahlilia,Russom,53,HR,Human Resources
984328,5,Zaci,Sivney,71,MAR,Marketing
529367,8,Evangeline,Cloris,28,MAR,Marketing
948484,6,Morathi,Tamasha,21,IT,Information Technology
794803,1,Hina,Yaholo,45,HR,Human Resources
999071,5,Brielle,Selia,55,FIN,Finance
549437,2,Bast,Quella,73,MAR,Marketing
389551,7,Kamal,Myron,27,IT,Information Technology
946544,6,Philena,Theresa,32,HR,Human Resources
149228,4,Sandra,Lowell,62,FIN,Finance
683871,6,Adie,Lalo,40,HR,Human Resources
943795,7,Enos,Leigh,28,FIN,Finance
181237,8,Okapi,Khalida,41,HR,Human Resources
607991,9,Trava,Barake,77,IT,Information Technology
645016,4,Barb,Barclay,40,HR,Human Resources
230545,6,Eliot,Cana,33,MAR,Marketing
258089,3,Beatriz,Evane,41,MAR,Marketing
948904,1,Pascal,Keegan,75,FIN,Finance
592752,1,Pleasance,Kione,22,FIN,Finance
794206,2,Donnel,Myra,75,MAR,Marketing
941695,4,Dulcina,Peter,27,FIN,Finance
852862,5,Monroe,Herbert,69,HR,Human Resources
422870,5,Alissa,Guido,60,FIN,Finance
115059,3,Irene,Astin,44,HR,Human Resources
929993,1,Aveline,Gaius,44,FIN,Finance
380434,1,Indira,Danae,66,IT,Information Technology
320175,0,Lorimer,Esther,77,FIN,Finance
741591,2,Harper,Nadie,60,MAR,Marketing
950766,2,Brita,Content,64,FIN,Finance
896304,3,Gratia,Clitus,38,MAR,Marketing
419786,2,Evan,Maude,76,HR,Human Resources
457877,9,Kristopher,Skylar,32,HR,Human Resources
122935,0,Zia,Annamika,61,MAR,Marketing
363315,1,Chase,Talen,16,IT,Information Technology
334666,4,Palesa,Julio,77,IT,Information Technology
